"Core.ID","year","earlywood","latewood","ring"
"1436-N",1854,0.516,1.202,1.718
"1436-N",1855,0.23,1.056,1.286
"1436-N",1856,0.377,1.339,1.716
"1436-N",1857,0.36,1.347,1.707
"1436-N",1858,0.349,0.924,1.273
"1436-N",1859,0.27,0.729,0.998
"1436-N",1860,0.361,0.81,1.171
"1436-N",1861,0.408,0.891,1.299
"1436-N",1862,0.339,0.851,1.19
"1436-N",1863,0.296,0.578,0.874
"1436-N",1864,0.394,0.726,1.12
"1436-N",1865,0.342,0.604,0.946
"1436-N",1866,0.303,0.514,0.817
"1436-N",1867,0.326,0.459,0.785
"1436-N",1868,0.3,0.422,0.722
"1436-N",1869,0.363,0.386,0.749
"1436-N",1870,0.22,0.225,0.445
"1436-N",1871,0.268,0.096,0.364
"1436-N",1872,0.266,0.158,0.424
"1436-N",1873,0.304,0.225,0.529
"1436-N",1874,0.301,0.342,0.643
"1436-N",1875,0.262,0.345,0.607
"1436-N",1876,0.321,0.299,0.62
"1436-N",1877,0.267,0.371,0.638
"1436-N",1878,0.273,0.381,0.654
"1436-N",1879,0.329,0.478,0.807
"1436-N",1880,0.274,0.668,0.942
"1436-N",1881,0.276,0.582,0.858
"1436-N",1882,0.331,0.443,0.774
"1436-N",1883,0.398,0.364,0.762
"1436-N",1884,0.405,0.504,0.909
"1436-N",1885,0.304,0.472,0.776
"1436-N",1886,0.31,0.411,0.721
"1436-N",1887,0.353,0.312,0.665
"1436-N",1888,0.287,0.151,0.438
"1436-N",1889,0.451,1.055,1.506
"1436-N",1890,0.591,0.834,1.425
"1436-N",1891,0.533,0.735,1.268
"1436-N",1892,0.447,0.826,1.273
"1436-N",1893,0.442,0.529,0.971
"1436-N",1894,0.301,0.258,0.559
"1436-N",1895,0.406,0.189,0.595
"1436-N",1896,0.318,0.767,1.085
"1436-N",1897,0.426,0.762,1.188
"1436-N",1898,0.401,0.776,1.177
"1436-N",1899,0.302,1.104,1.406
"1436-N",1900,0.467,0.425,0.892
"1436-N",1901,0.554,0.992,1.546
"1436-N",1902,0.573,1.881,2.454
"1436-N",1903,0.591,1.459,2.05
"1436-N",1904,0.514,1.256,1.77
"1436-N",1905,0.507,1.427,1.934
"1436-N",1906,0.664,1.398,2.062
"1436-N",1907,0.73,1.728,2.458
"1436-N",1908,0.399,1.683,2.082
"1436-N",1909,0.487,1.112,1.599
"1436-N",1910,0.721,0.382,1.103
"1436-N",1911,0.508,0.525,1.033
"1436-N",1912,0.424,1.345,1.769
"1436-N",1913,0.596,1.312,1.908
"1436-N",1914,0.711,1.36,2.071
"1436-N",1915,0.682,1.487,2.169
"1436-N",1916,0.582,1.867,2.449
"1436-N",1917,0.641,0.924,1.565
"1436-N",1918,0.393,0.423,0.816
"1436-N",1919,0.324,0.28,0.604
"1436-N",1920,0.392,0.303,0.695
"1436-N",1921,0.38,0.372,0.752
"1436-N",1922,0.375,0.32,0.695
"1436-N",1923,0.317,0.42,0.737
"1436-N",1924,0.414,0.685,1.099
"1436-N",1925,0.594,0.617,1.211
"1436-N",1926,0.449,1.091,1.54
"1436-N",1927,0.602,0.93,1.532
"1436-N",1928,0.669,0.87,1.539
"1436-N",1929,0.506,0.946,1.452
"1436-N",1930,0.5,0.67,1.17
"1436-N",1931,0.313,0.617,0.93
"1436-N",1932,0.367,1.249,1.616
"1436-N",1933,0.544,0.542,1.086
"1436-N",1934,0.386,0.571,0.957
"1436-N",1935,0.39,1.009,1.399
"1436-N",1936,0.545,0.581,1.126
"1436-N",1937,0.59,1.47,2.06
"1436-N",1938,0.706,1.19,1.896
"1436-N",1939,0.731,0.255,0.986
"1436-N",1940,0.609,0.611,1.22
"1436-N",1941,0.627,1.137,1.764
"1436-N",1942,0.502,0.842,1.344
"1436-N",1943,0.774,1.092,1.866
"1436-N",1944,0.707,0.998,1.706
"1436-N",1945,0.844,1.005,1.849
"1436-N",1946,0.762,0.583,1.345
"1436-N",1947,0.643,0.843,1.486
"1436-N",1948,0.493,0.451,0.944
"1436-N",1949,0.415,0.527,0.942
"1436-N",1950,0.444,0.568,1.012
"1436-N",1951,0.508,1.123,1.631
"1436-N",1952,0.456,0.602,1.058
"1436-N",1953,0.576,0.785,1.361
"1436-N",1954,0.495,0.525,1.02
"1436-N",1955,0.453,1.084,1.537
"1436-N",1956,0.695,0.803,1.498
"1436-N",1957,0.677,1.36,2.037
"1436-N",1958,0.743,1.792,2.535
"1436-N",1959,0.841,2.499,3.34
"1436-N",1960,0.891,1.246,2.137
"1436-N",1961,0.871,1.106,1.977
"1436-N",1962,0.739,0.975,1.714
"1436-N",1963,0.782,0.822,1.604
"1436-N",1964,0.62,0.624,1.244
"1436-N",1965,0.584,1.449,2.033
"1436-N",1966,0.602,1.001,1.603
"1436-N",1967,0.723,0.929,1.652
"1436-N",1968,0.631,1.04,1.671
"1436-N",1969,0.487,1.354,1.841
"1436-N",1970,0.624,0.499,1.123
"1436-N",1971,0.551,0.244,0.795
"1436-N",1972,0.454,0.637,1.091
"1436-N",1973,0.538,0.553,1.091
"1436-N",1974,0.514,0.427,0.941
"1436-N",1975,0.518,0.678,1.196
"1436-N",1976,0.588,0.133,0.721
"1436-N",1977,0.622,0.059,0.681
"1436-N",1978,0.736,0.768,1.504
"1436-N",1979,0.706,0.434,1.14
"1436-N",1980,0.727,0.864,1.591
"1436-N",1981,0.675,0.019,0.694
"1436-N",1982,0.449,0.252,0.701
"1436-N",1983,0.762,0.607,1.369
"1436-N",1984,0.506,0.4,0.906
"1436-N",1985,0.619,0.472,1.091
"1436-N",1986,0.675,0.504,1.179
"1436-N",1987,0.613,0.953,1.566
"1436-N",1988,0.556,0.207,0.763
"1436-N",1989,0.506,0.658,1.164
"1436-N",1990,0.639,0.575,1.214
"1436-N",1991,0.432,0.385,0.817
"1436-N",1992,0.507,0.395,0.902
"1436-N",1993,0.532,1.035,1.567
"1436-N",1994,0.492,0.34,0.832
"1436-N",1995,0.75,0.477,1.227
"1436-N",1996,0.746,0.42,1.166
"1436-N",1997,0.665,0.467,1.132
"1436-N",1998,0.529,0.849,1.378
"1436-N",1999,0.682,0.457,1.139
"1436-N",2000,0.41,0.504,0.914
"1436-N",2001,0.682,0.384,1.066
"1436-N",2002,0.832,0.525,1.357
"1436-N",2003,0.705,0.464,1.169
"1436-N",2004,0.701,0.907,1.608
"1436-N",2005,0.616,0.494,1.11
"1436-N",2006,0.743,1.364,2.107
"1436-N",2007,0.827,0.394,1.221
"1436-N",2008,0.872,0.878,1.75
"1436-N",2009,0.639,0.803,1.442
"1436-N",2010,0.671,0.349,1.02
"1436-N",2011,0.783,0.562,1.345
"1436-N",2012,0.411,0.259,0.67
"1436-N",2013,0.436,0.647,1.083
"1436-N",2014,0.565,0.321,0.886
"1436-N",2015,0.79,0.159,0.949
"1436-N",2016,0.487,0.176,0.663
"1436-N",2017,0.414,0.032,0.446
"1411-N",1861,0.666,1.757,2.423
"1411-N",1862,0.436,1.851,2.287
"1411-N",1863,0.43,1.044,1.474
"1411-N",1864,0.749,1.418,2.167
"1411-N",1865,0.512,0.895,1.407
"1411-N",1866,0.667,0.917,1.584
"1411-N",1867,0.589,1.094,1.683
"1411-N",1868,0.659,1.003,1.662
"1411-N",1869,0.608,1.297,1.905
"1411-N",1870,0.437,0.602,1.039
"1411-N",1871,0.796,0.219,1.015
"1411-N",1872,0.616,0.398,1.014
"1411-N",1873,0.589,0.648,1.237
"1411-N",1874,0.467,0.645,1.112
"1411-N",1875,0.451,1.196,1.647
"1411-N",1876,0.629,1.204,1.833
"1411-N",1877,0.535,1.284,1.819
"1411-N",1878,0.641,1.298,1.939
"1411-N",1879,0.673,1.25,1.923
"1411-N",1880,0.854,1.138,1.992
"1411-N",1881,0.548,1.5,2.048
"1411-N",1882,0.48,1.059,1.539
"1411-N",1883,0.7,0.715,1.415
"1411-N",1884,0.758,0.59,1.348
"1411-N",1885,0.783,0.904,1.687
"1411-N",1886,0.571,0.788,1.359
"1411-N",1887,0.733,0.345,1.078
"1411-N",1888,0.595,0.245,0.84
"1411-N",1889,0.548,0.942,1.49
"1411-N",1890,0.715,0.671,1.386
"1411-N",1891,0.5,0.69,1.19
"1411-N",1892,0.516,0.354,0.87
"1411-N",1893,0.373,0.36,0.733
"1411-N",1894,0.304,0.121,0.425
"1411-N",1895,0.363,0.29,0.653
"1411-N",1896,0.369,0.755,1.124
"1411-N",1897,0.495,0.702,1.197
"1411-N",1898,0.335,0.683,1.018
"1411-N",1899,0.487,1.025,1.512
"1411-N",1900,0.728,1.267,1.995
"1411-N",1901,0.727,1.359,2.086
"1411-N",1902,0.573,2.711,3.284
"1411-N",1903,0.946,3.644,4.59
"1411-N",1904,1.168,2.122,3.29
"1411-N",1905,0.55,1.738,2.288
"1411-N",1906,0.821,1.722,2.543
"1411-N",1907,0.864,1.814,2.678
"1411-N",1908,0.756,2.473,3.229
"1411-N",1909,0.794,1.64,2.434
"1411-N",1910,0.723,0.5,1.223
"1411-N",1911,0.62,0.706,1.326
"1411-N",1912,0.863,1.762,2.625
"1411-N",1913,0.697,0.95,1.647
"1411-N",1914,0.701,1.106,1.807
"1411-N",1915,0.73,1.693,2.423
"1411-N",1916,0.493,1.469,1.962
"1411-N",1917,0.796,1.228,2.024
"1411-N",1918,0.712,0.902,1.614
"1411-N",1919,0.748,0.502,1.25
"1411-N",1920,0.603,0.683,1.286
"1411-N",1921,0.474,0.593,1.067
"1411-N",1922,0.625,1.06,1.685
"1411-N",1923,0.649,0.747,1.396
"1411-N",1924,0.618,0.927,1.545
"1411-N",1925,0.726,0.647,1.373
"1411-N",1926,0.576,0.591,1.167
"1411-N",1927,0.493,0.696,1.189
"1411-N",1928,0.69,1.255,1.945
"1411-N",1929,0.745,0.877,1.622
"1411-N",1930,0.669,0.932,1.601
"1411-N",1931,0.684,0.759,1.443
"1411-N",1932,0.676,1.275,1.951
"1411-N",1933,0.856,1.054,1.91
"1411-N",1934,0.524,0.729,1.253
"1411-N",1935,0.468,1.006,1.474
"1411-N",1936,0.605,0.645,1.25
"1411-N",1937,0.752,0.737,1.489
"1411-N",1938,0.766,0.926,1.692
"1411-N",1939,0.645,0.178,0.823
"1411-N",1940,0.58,0.529,1.109
"1411-N",1941,0.506,0.977,1.483
"1411-N",1942,0.544,0.89,1.434
"1411-N",1943,0.916,0.31,1.226
"1411-N",1944,0.912,0.555,1.467
"1411-N",1945,0.94,0.661,1.601
"1411-N",1946,0.853,0.582,1.435
"1411-N",1947,0.85,0.698,1.548
"1411-N",1948,0.775,0.453,1.228
"1411-N",1949,0.843,0.671,1.514
"1411-N",1950,0.885,0.925,1.81
"1411-N",1951,0.786,1.027,1.813
"1411-N",1952,0.403,0.522,0.925
"1411-N",1953,0.685,0.541,1.226
"1411-N",1954,0.589,0.836,1.425
"1411-N",1955,0.839,0.656,1.495
"1411-N",1956,0.852,0.413,1.265
"1411-N",1957,0.572,0.669,1.241
"1411-N",1958,0.561,1.13,1.691
"1411-N",1959,0.628,0.585,1.213
"1411-N",1960,0.617,0.788,1.405
"1411-N",1961,0.771,0.86,1.631
"1411-N",1962,0.672,0.517,1.189
"1411-N",1963,0.494,0.454,0.948
"1411-N",1964,0.614,0.62,1.234
"1411-N",1965,0.481,0.824,1.305
"1411-N",1966,0.665,0.383,1.048
"1411-N",1967,0.784,0.451,1.235
"1411-N",1968,0.672,0.598,1.27
"1411-N",1969,0.799,0.571,1.37
"1411-N",1970,0.645,0.425,1.07
"1411-N",1971,0.65,0.162,0.812
"1411-N",1972,0.655,0.54,1.195
"1411-N",1973,0.525,0.221,0.746
"1411-N",1974,0.472,0.135,0.607
"1411-N",1975,0.456,0.268,0.724
"1411-N",1976,0.488,0.257,0.745
"1411-N",1977,0.381,0.343,0.724
"1411-N",1978,0.453,0.538,0.991
"1411-N",1979,0.586,0.623,1.209
"1411-N",1980,0.56,0.581,1.141
"1411-N",1981,0.504,0.169,0.673
"1411-N",1982,0.589,0.259,0.848
"1411-N",1983,0.444,0.282,0.726
"1411-N",1984,0.394,0.305,0.699
"1411-N",1985,0.479,0.439,0.918
"1411-N",1986,0.558,0.413,0.971
"1411-N",1987,0.492,0.377,0.869
"1411-N",1988,0.521,0.232,0.753
"1411-N",1989,0.532,0.361,0.893
"1411-N",1990,0.514,0.49,1.004
"1411-N",1991,0.63,0.287,0.917
"1411-N",1992,0.613,0.437,1.05
"1411-N",1993,0.622,0.665,1.287
"1411-N",1994,0.525,0.411,0.936
"1411-N",1995,0.607,0.406,1.013
"1411-N",1996,0.672,0.378,1.05
"1411-N",1997,0.536,0.479,1.015
"1411-N",1998,0.61,0.526,1.136
"1411-N",1999,0.6,0.616,1.216
"1411-N",2000,0.626,0.717,1.343
"1411-N",2001,0.616,0.314,0.93
"1411-N",2002,0.668,0.43,1.098
"1411-N",2003,0.668,0.489,1.157
"1411-N",2004,0.622,0.374,0.996
"1411-N",2005,0.486,0.271,0.757
"1411-N",2006,0.517,0.363,0.88
"1411-N",2007,0.494,0.32,0.814
"1411-N",2008,0.828,0.913,1.741
"1411-N",2009,0.97,1.446,2.416
"1411-N",2010,0.806,0.998,1.804
"1411-N",2011,0.99,0.667,1.657
"1411-N",2012,0.69,0.161,0.851
"1411-N",2013,0.76,0.448,1.208
"1411-N",2014,0.7,0.362,1.062
"1411-N",2015,0.73,0.485,1.215
"1411-N",2016,0.822,0.309,1.131
"1411-N",2017,0.661,0.022,0.683
"1427-N",1850,0.658,2.03,2.688
"1427-N",1851,0.766,2.966,3.732
"1427-N",1852,0.488,1.755,2.243
"1427-N",1853,0.651,2.405,3.056
"1427-N",1854,0.645,2.414,3.059
"1427-N",1855,0.669,2.483,3.152
"1427-N",1856,0.705,2.008,2.713
"1427-N",1857,0.549,2.156,2.705
"1427-N",1858,0.369,2.035,2.404
"1427-N",1859,0.481,1.559,2.04
"1427-N",1860,0.536,1.961,2.497
"1427-N",1861,0.571,1.375,1.946
"1427-N",1862,0.494,2.065,2.559
"1427-N",1863,0.457,1.021,1.478
"1427-N",1864,0.545,1.59,2.135
"1427-N",1865,0.359,0.772,1.131
"1427-N",1866,0.516,1.162,1.678
"1427-N",1867,0.456,0.922,1.378
"1427-N",1868,0.402,0.606,1.008
"1427-N",1869,0.366,1.171,1.537
"1427-N",1870,0.544,0.642,1.186
"1427-N",1871,0.433,0.118,0.551
"1427-N",1872,0.402,0.572,0.974
"1427-N",1873,0.481,0.457,0.938
"1427-N",1874,0.33,0.306,0.636
"1427-N",1875,0.283,0.736,1.019
"1427-N",1876,0.459,0.517,0.976
"1427-N",1877,0.243,0.741,0.984
"1427-N",1878,0.354,0.633,0.987
"1427-N",1879,0.319,0.964,1.283
"1427-N",1880,0.361,0.761,1.122
"1427-N",1881,0.36,1.186,1.546
"1427-N",1882,0.602,0.926,1.528
"1427-N",1883,0.368,0.808,1.176
"1427-N",1884,0.387,1.094,1.481
"1427-N",1885,0.428,0.788,1.216
"1427-N",1886,0.301,0.422,0.723
"1427-N",1887,0.309,0.412,0.721
"1427-N",1888,0.323,0.131,0.454
"1427-N",1889,0.318,1.001,1.319
"1427-N",1890,0.399,0.515,0.914
"1427-N",1891,0.325,0.311,0.636
"1427-N",1892,0.283,0.534,0.817
"1427-N",1893,0.328,0.213,0.541
"1427-N",1894,0.277,0.05,0.327
"1427-N",1895,0.274,0.037,0.311
"1427-N",1896,0.302,0.819,1.121
"1427-N",1897,0.56,0.386,0.946
"1427-N",1898,0.346,0.571,0.917
"1427-N",1899,0.359,0.965,1.324
"1427-N",1900,0.518,0.965,1.483
"1427-N",1901,0.45,0.788,1.238
"1427-N",1902,0.624,1.413,2.037
"1427-N",1903,0.565,1.768,2.333
"1427-N",1904,0.701,1.15,1.851
"1427-N",1905,0.75,1.552,2.302
"1427-N",1906,0.648,0.622,1.27
"1427-N",1907,0.529,1.347,1.876
"1427-N",1908,0.449,1.292,1.741
"1427-N",1909,0.651,1.008,1.659
"1427-N",1910,0.786,0.306,1.092
"1427-N",1911,0.337,0.594,0.931
"1427-N",1912,0.621,1.531,2.152
"1427-N",1913,0.687,1.315,2.002
"1427-N",1914,0.438,1.015,1.453
"1427-N",1915,0.574,1.372,1.946
"1427-N",1916,0.574,1.797,2.371
"1427-N",1917,0.499,1.071,1.57
"1427-N",1918,0.387,0.75,1.137
"1427-N",1919,0.631,0.351,0.982
"1427-N",1920,0.312,0.358,0.67
"1427-N",1921,0.443,0.651,1.094
"1427-N",1922,0.417,0.312,0.729
"1427-N",1923,0.528,0.368,0.896
"1427-N",1924,0.491,0.499,0.99
"1427-N",1925,0.541,0.685,1.226
"1427-N",1926,0.395,0.82,1.215
"1427-N",1927,0.586,0.943,1.529
"1427-N",1928,0.519,0.957,1.476
"1427-N",1929,0.546,1.114,1.66
"1427-N",1930,0.623,0.711,1.334
"1427-N",1931,0.424,0.613,1.037
"1427-N",1932,0.535,0.815,1.35
"1427-N",1933,0.565,0.446,1.011
"1427-N",1934,0.617,0.343,0.96
"1427-N",1935,0.695,0.776,1.471
"1427-N",1936,0.36,0.474,0.834
"1427-N",1937,0.403,0.457,0.86
"1427-N",1938,0.479,0.626,1.105
"1427-N",1939,0.481,0.115,0.596
"1427-N",1940,0.448,0.199,0.647
"1427-N",1941,0.515,0.556,1.071
"1427-N",1942,0.653,0.256,0.909
"1427-N",1943,0.681,0.361,1.042
"1427-N",1944,0.718,0.404,1.122
"1427-N",1945,0.647,0.731,1.378
"1427-N",1946,0.574,0.637,1.211
"1427-N",1947,0.773,0.399,1.172
"1427-N",1948,0.592,0.347,0.939
"1427-N",1949,0.517,0.724,1.241
"1427-N",1950,0.904,1.019,1.923
"1427-N",1951,0.561,0.992,1.553
"1427-N",1952,0.618,0.488,1.106
"1427-N",1953,0.762,0.952,1.714
"1427-N",1954,0.559,0.793,1.352
"1427-N",1955,0.727,0.939,1.666
"1427-N",1956,0.995,0.426,1.421
"1427-N",1957,0.818,0.815,1.633
"1427-N",1958,0.758,1.338,2.096
"1427-N",1959,0.727,0.907,1.634
"1427-N",1960,0.802,0.937,1.739
"1427-N",1961,0.768,1.242,2.01
"1427-N",1962,0.855,0.964,1.819
"1427-N",1963,0.885,0.702,1.587
"1427-N",1964,0.716,0.766,1.482
"1427-N",1965,0.521,1.233,1.754
"1427-N",1966,0.837,0.323,1.16
"1427-N",1967,0.638,0.478,1.116
"1427-N",1968,0.795,0.583,1.378
"1427-N",1969,0.595,0.766,1.361
"1427-N",1970,0.652,0.263,0.915
"1427-N",1971,0.643,0.43,1.073
"1427-N",1972,0.504,0.411,0.915
"1427-N",1973,0.703,0.186,0.889
"1427-N",1974,0.528,0.072,0.6
"1427-N",1975,0.61,0.276,0.886
"1427-N",1976,0.661,0.107,0.768
"1427-N",1977,0.43,0.187,0.617
"1427-N",1978,0.654,0.295,0.949
"1427-N",1979,0.691,0.268,0.959
"1427-N",1980,0.846,0.651,1.497
"1427-N",1981,0.621,0.027,0.648
"1427-N",1982,0.391,0.049,0.44
"1427-N",1983,0.399,0.173,0.572
"1427-N",1984,0.499,0.032,0.531
"1427-N",1985,0.504,0.033,0.537
"1427-N",1986,0.463,0.269,0.732
"1427-N",1987,0.593,0.286,0.879
"1427-N",1988,0.721,0.123,0.844
"1427-N",1989,0.67,0.099,0.769
"1427-N",1990,0.655,0.524,1.179
"1427-N",1991,0.738,0.259,0.997
"1427-N",1992,0.654,0.965,1.619
"1427-N",1993,1.538,2.672,4.21
"1427-N",1994,0.83,0.403,1.233
"1427-N",1995,0.531,0.482,1.013
"1427-N",1996,0.593,0.285,0.878
"1427-N",1997,0.58,0.563,1.143
"1427-N",1998,0.643,0.554,1.197
"1427-N",1999,0.758,0.296,1.054
"1427-N",2000,0.58,0.609,1.189
"1427-N",2001,0.517,0.33,0.847
"1427-N",2002,0.708,0.274,0.982
"1427-N",2003,0.658,0.613,1.271
"1427-N",2004,0.708,0.402,1.11
"1427-N",2005,0.799,0.19,0.989
"1427-N",2006,0.415,0.51,0.925
"1427-N",2007,0.668,0.153,0.821
"1427-N",2008,0.898,1.001,1.899
"1427-N",2009,0.668,1.133,1.801
"1427-N",2010,0.552,0.642,1.194
"1427-N",2011,0.609,0.585,1.194
"1427-N",2012,0.621,0.484,1.105
"1427-N",2013,0.575,0.645,1.22
"1427-N",2014,0.454,0.551,1.005
"1427-N",2015,0.487,0.762,1.249
"1427-N",2016,0.773,0.626,1.399
"1427-N",2017,0.638,0.06,0.698
"1433-N",1860,0.375,1.084,1.459
"1433-N",1861,0.425,0.913,1.338
"1433-N",1862,0.399,0.789,1.188
"1433-N",1863,0.211,0.371,0.582
"1433-N",1864,0.305,0.483,0.788
"1433-N",1865,0.412,0.43,0.842
"1433-N",1866,0.331,0.476,0.807
"1433-N",1867,0.373,0.565,0.938
"1433-N",1868,0.367,0.532,0.899
"1433-N",1869,0.243,0.493,0.736
"1433-N",1870,0.202,0.286,0.488
"1433-N",1871,0.234,0.204,0.438
"1433-N",1872,0.179,0.21,0.389
"1433-N",1873,0.295,0.335,0.63
"1433-N",1874,0.231,0.175,0.406
"1433-N",1875,0.299,0.374,0.673
"1433-N",1876,0.248,0.346,0.594
"1433-N",1877,0.318,0.625,0.943
"1433-N",1878,0.267,0.465,0.732
"1433-N",1879,0.33,0.63,0.96
"1433-N",1880,0.292,1.051,1.343
"1433-N",1881,0.379,1.115,1.494
"1433-N",1882,0.497,1.165,1.662
"1433-N",1883,0.45,0.769,1.219
"1433-N",1884,0.423,0.991,1.414
"1433-N",1885,0.459,0.99,1.449
"1433-N",1886,0.602,0.743,1.345
"1433-N",1887,0.516,0.559,1.075
"1433-N",1888,0.414,0.209,0.623
"1433-N",1889,0.346,1.034,1.38
"1433-N",1890,0.483,0.871,1.354
"1433-N",1891,0.568,1.204,1.772
"1433-N",1892,0.794,1.197,1.991
"1433-N",1893,0.851,0.609,1.46
"1433-N",1894,0.595,0.206,0.801
"1433-N",1895,0.41,0.462,0.872
"1433-N",1896,0.662,1.26,1.922
"1433-N",1897,0.759,0.401,1.16
"1433-N",1898,0.544,1.2,1.744
"1433-N",1899,0.477,0.892,1.369
"1433-N",1900,0.535,0.6,1.135
"1433-N",1901,0.637,0.798,1.435
"1433-N",1902,0.766,1.965,2.731
"1433-N",1903,0.786,2.088,2.874
"1433-N",1904,0.78,1.624,2.404
"1433-N",1905,0.632,1.383,2.015
"1433-N",1906,0.833,1.273,2.106
"1433-N",1907,0.79,1.154,1.944
"1433-N",1908,0.84,1.565,2.405
"1433-N",1909,0.643,1.39,2.033
"1433-N",1910,0.961,0.644,1.605
"1433-N",1911,0.66,0.445,1.105
"1433-N",1912,0.861,1.364,2.225
"1433-N",1913,0.754,1.15,1.904
"1433-N",1914,0.821,1.183,2.004
"1433-N",1915,0.698,1.966,2.664
"1433-N",1916,0.852,1.785,2.637
"1433-N",1917,0.735,1.621,2.356
"1433-N",1918,0.491,1.112,1.603
"1433-N",1919,0.663,0.544,1.207
"1433-N",1920,0.625,0.777,1.402
"1433-N",1921,0.873,0.533,1.406
"1433-N",1922,0.672,0.693,1.365
"1433-N",1923,0.59,0.854,1.444
"1433-N",1924,0.697,0.835,1.532
"1433-N",1925,0.591,0.727,1.318
"1433-N",1926,0.642,1.139,1.781
"1433-N",1927,0.598,1.232,1.83
"1433-N",1928,0.845,1.182,2.027
"1433-N",1929,0.606,1.305,1.911
"1433-N",1930,0.812,1.117,1.929
"1433-N",1931,0.529,1.15,1.679
"1433-N",1932,0.976,1.378,2.354
"1433-N",1933,1.094,0.906,2
"1433-N",1934,1.012,1.161,2.173
"1433-N",1935,1.106,1.389,2.495
"1433-N",1936,0.865,0.721,1.586
"1433-N",1937,1.036,1.207,2.243
"1433-N",1938,0.927,1.432,2.359
"1433-N",1939,1.011,0.213,1.224
"1433-N",1940,0.993,0.184,1.177
"1433-N",1941,0.774,1.272,2.046
"1433-N",1942,0.979,1.238,2.217
"1433-N",1943,1.233,0.908,2.141
"1433-N",1944,1.242,0.797,2.039
"1433-N",1945,0.867,1.71,2.577
"1433-N",1946,0.859,1.218,2.077
"1433-N",1947,1.113,1.391,2.504
"1433-N",1948,0.992,0.901,1.893
"1433-N",1949,0.686,1.218,1.904
"1433-N",1950,0.838,1.419,2.257
"1433-N",1951,0.791,1.739,2.53
"1433-N",1952,0.973,0.696,1.669
"1433-N",1953,0.916,0.834,1.75
"1433-N",1954,0.756,0.945,1.701
"1433-N",1955,0.86,1.229,2.089
"1433-N",1956,1.137,0.603,1.74
"1433-N",1957,0.965,0.914,1.879
"1433-N",1958,0.836,1.875,2.711
"1433-N",1959,1.096,1.131,2.227
"1433-N",1960,0.911,1.267,2.178
"1433-N",1961,0.94,1.41,2.35
"1433-N",1962,0.779,1.279,2.058
"1433-N",1963,1.021,1.146,2.167
"1433-N",1964,0.936,0.958,1.894
"1433-N",1965,0.917,0.993,1.91
"1433-N",1966,0.928,0.712,1.64
"1433-N",1967,0.859,0.862,1.721
"1433-N",1968,0.858,0.8,1.658
"1433-N",1969,1.013,0.951,1.964
"1433-N",1970,0.88,0.777,1.657
"1433-N",1971,0.908,0.707,1.615
"1433-N",1972,0.982,0.873,1.855
"1433-N",1973,0.726,0.764,1.49
"1433-N",1974,0.904,0.567,1.471
"1433-N",1975,0.755,0.447,1.202
"1433-N",1976,0.744,0.464,1.208
"1433-N",1977,0.605,0.638,1.243
"1433-N",1978,1.001,0.995,1.996
"1433-N",1979,1.016,1.075,2.091
"1433-N",1980,1.248,0.971,2.219
"1433-N",1981,0.876,0.309,1.185
"1433-N",1982,0.871,0.769,1.64
"1433-N",1983,1.092,0.787,1.879
"1433-N",1984,0.882,0.849,1.731
"1433-N",1985,0.985,0.993,1.978
"1433-N",1986,1.198,1.514,2.712
"1433-N",1987,1.08,1.473,2.553
"1433-N",1988,1.1,0.647,1.747
"1433-N",1989,1.148,1.2,2.348
"1433-N",1990,0.913,1.327,2.24
"1433-N",1991,0.956,0.894,1.85
"1433-N",1992,0.991,1.205,2.196
"1433-N",1993,0.994,1.611,2.605
"1433-N",1994,0.969,0.834,1.803
"1433-N",1995,0.982,0.551,1.533
"1433-N",1996,1.472,0.618,2.09
"1433-N",1997,1.227,0.975,2.202
"1433-N",1998,1.288,0.874,2.162
"1433-N",1999,1.12,1.581,2.701
"1433-N",2000,1.335,1.883,3.218
"1433-N",2001,1.022,1.181,2.203
"1433-N",2002,0.791,0.952,1.743
"1433-N",2003,0.868,1.146,2.014
"1433-N",2004,0.721,1.605,2.326
"1433-N",2005,0.678,0.813,1.491
"1433-N",2006,0.945,1.049,1.994
"1433-N",2007,0.944,0.781,1.725
"1433-N",2008,1.16,1.354,2.514
"1433-N",2009,1.039,1.164,2.203
"1433-N",2010,0.739,1.721,2.46
"1433-N",2011,1.346,0.796,2.142
"1433-N",2012,0.633,0.457,1.09
"1433-N",2013,0.915,0.802,1.717
"1433-N",2014,0.909,1.076,1.985
"1433-N",2015,1.163,0.645,1.808
"1433-N",2016,1,0.679,1.679
"1433-N",2017,1.097,0.009,1.106
"1437-N",1851,0.47,1.761,2.231
"1437-N",1852,0.396,0.986,1.382
"1437-N",1853,0.364,0.665,1.029
"1437-N",1854,0.396,1.131,1.527
"1437-N",1855,0.339,1.179,1.518
"1437-N",1856,0.483,1.204,1.687
"1437-N",1857,0.383,1.086,1.469
"1437-N",1858,0.299,1.404,1.703
"1437-N",1859,0.449,0.927,1.376
"1437-N",1860,0.471,1.056,1.527
"1437-N",1861,0.446,0.748,1.194
"1437-N",1862,0.39,1.058,1.448
"1437-N",1863,0.336,0.436,0.772
"1437-N",1864,0.355,0.805,1.16
"1437-N",1865,0.442,0.37,0.812
"1437-N",1866,0.297,0.256,0.553
"1437-N",1867,0.281,0.111,0.392
"1437-N",1868,0.265,0.091,0.356
"1437-N",1869,0.265,0.156,0.421
"1437-N",1870,0.216,0.061,0.277
"1437-N",1871,0.23,0.038,0.268
"1437-N",1872,0.244,0.04,0.284
"1437-N",1873,0.158,0.024,0.182
"1437-N",1874,0.288,0.04,0.328
"1437-N",1875,0.134,0.03,0.164
"1437-N",1876,0.275,0.036,0.311
"1437-N",1877,0.21,0.013,0.223
"1437-N",1878,0.173,0.075,0.248
"1437-N",1879,0.162,0.352,0.514
"1437-N",1880,0.278,0.322,0.6
"1437-N",1881,0.273,0.314,0.587
"1437-N",1882,0.221,0.216,0.437
"1437-N",1883,0.349,0.345,0.694
"1437-N",1884,0.341,0.629,0.97
"1437-N",1885,0.346,0.457,0.803
"1437-N",1886,0.282,0.164,0.446
"1437-N",1887,0.338,0.242,0.58
"1437-N",1888,0.26,0.147,0.407
"1437-N",1889,0.335,0.957,1.292
"1437-N",1890,0.512,1.02,1.532
"1437-N",1891,0.396,0.674,1.07
"1437-N",1892,0.48,0.62,1.1
"1437-N",1893,0.353,0.031,0.384
"1437-N",1894,0.264,0.06,0.324
"1437-N",1895,0.216,0.019,0.235
"1437-N",1896,0.377,0.55,0.927
"1437-N",1897,0.437,0.41,0.847
"1437-N",1898,0.363,0.343,0.706
"1437-N",1899,0.26,0.954,1.214
"1437-N",1900,0.519,1.348,1.867
"1437-N",1901,0.61,1.879,2.489
"1437-N",1902,0.857,4.108,4.965
"1437-N",1903,1.235,3.202,4.437
"1437-N",1904,0.985,1.729,2.714
"1437-N",1905,1.026,2.697,3.723
"1437-N",1906,1.184,2.939,4.123
"1437-N",1907,1.172,2.244,3.416
"1437-N",1908,1.25,2.563,3.813
"1437-N",1909,1.276,1.564,2.84
"1437-N",1910,0.946,0.821,1.767
"1437-N",1911,0.776,0.849,1.625
"1437-N",1912,0.648,2.252,2.9
"1437-N",1913,0.729,1.145,1.874
"1437-N",1914,0.643,0.948,1.591
"1437-N",1915,0.691,1.817,2.508
"1437-N",1916,0.781,1.942,2.723
"1437-N",1917,0.83,1.829,2.659
"1437-N",1918,0.832,0.971,1.803
"1437-N",1919,0.944,0.472,1.416
"1437-N",1920,0.777,0.587,1.364
"1437-N",1921,0.696,0.677,1.373
"1437-N",1922,0.774,0.933,1.707
"1437-N",1923,0.611,0.704,1.315
"1437-N",1924,0.69,0.8,1.49
"1437-N",1925,0.752,0.544,1.296
"1437-N",1926,0.5,1.134,1.634
"1437-N",1927,0.85,1.038,1.888
"1437-N",1928,0.559,1.119,1.678
"1437-N",1929,0.645,0.782,1.427
"1437-N",1930,0.547,0.742,1.289
"1437-N",1931,0.557,0.57,1.127
"1437-N",1932,0.584,0.766,1.35
"1437-N",1933,0.537,0.607,1.144
"1437-N",1934,0.575,0.469,1.044
"1437-N",1935,0.589,1.21,1.799
"1437-N",1936,0.558,0.536,1.094
"1437-N",1937,0.465,0.661,1.126
"1437-N",1938,0.609,1.09,1.699
"1437-N",1939,0.657,0.397,1.054
"1437-N",1940,0.576,0.69,1.266
"1437-N",1941,0.551,1.163,1.714
"1437-N",1942,0.787,1.135,1.922
"1437-N",1943,1.198,0.773,1.971
"1437-N",1944,1.075,0.783,1.858
"1437-N",1945,1.182,0.949,2.131
"1437-N",1946,0.884,0.715,1.599
"1437-N",1947,0.746,0.734,1.48
"1437-N",1948,0.489,0.484,0.973
"1437-N",1949,0.558,0.392,0.95
"1437-N",1950,0.551,0.662,1.213
"1437-N",1951,0.578,1.032,1.61
"1437-N",1952,0.699,0.65,1.349
"1437-N",1953,0.715,0.866,1.581
"1437-N",1954,0.679,0.866,1.545
"1437-N",1955,0.743,1.106,1.849
"1437-N",1956,0.834,0.406,1.24
"1437-N",1957,0.733,0.721,1.454
"1437-N",1958,0.678,1.046,1.724
"1437-N",1959,0.576,0.666,1.242
"1437-N",1960,0.715,0.901,1.616
"1437-N",1961,0.669,1.14,1.809
"1437-N",1962,0.8,0.662,1.462
"1437-N",1963,0.923,0.404,1.327
"1437-N",1964,0.843,0.28,1.123
"1437-N",1965,0.595,0.506,1.101
"1437-N",1966,0.775,0.223,0.998
"1437-N",1967,0.747,0.204,0.951
"1437-N",1968,0.615,0.591,1.206
"1437-N",1969,0.691,0.377,1.068
"1437-N",1970,0.632,0.439,1.071
"1437-N",1971,0.651,0.48,1.131
"1437-N",1972,0.606,0.554,1.16
"1437-N",1973,0.865,0.128,0.993
"1437-N",1974,0.558,0.335,0.893
"1437-N",1975,0.507,0.297,0.804
"1437-N",1976,0.578,0.172,0.75
"1437-N",1977,0.433,0.128,0.561
"1437-N",1978,0.598,0.208,0.806
"1437-N",1979,0.498,0.199,0.697
"1437-N",1980,0.744,0.374,1.118
"1437-N",1981,0.606,0.074,0.68
"1437-N",1982,0.48,0.053,0.533
"1437-N",1983,0.457,0.082,0.539
"1437-N",1984,0.186,0.04,0.226
"1437-N",1985,0.194,0.215,0.409
"1437-N",1986,0.332,0.393,0.725
"1437-N",1987,0.55,0.085,0.635
"1437-N",1988,0.524,0.06,0.584
"1437-N",1989,0.322,0.178,0.5
"1437-N",1990,0.405,0.256,0.661
"1437-N",1991,0.371,0.133,0.504
"1437-N",1992,0.417,0.042,0.459
"1437-N",1993,0.351,0.175,0.526
"1437-N",1994,0.434,0.059,0.493
"1437-N",1995,0.321,0.037,0.358
"1437-N",1996,0.247,0.032,0.279
"1437-N",1997,0.346,0.043,0.389
"1437-N",1998,0.381,0.025,0.406
"1437-N",1999,0.407,0.083,0.49
"1437-N",2000,0.412,0.09,0.502
"1437-N",2001,0.378,0.03,0.408
"1437-N",2002,0.381,0.108,0.489
"1437-N",2003,0.316,0.074,0.39
"1437-N",2004,0.255,0.124,0.379
"1437-N",2005,0.258,0.026,0.284
"1437-N",2006,0.286,0.016,0.302
"1437-N",2007,0.35,0.037,0.387
"1437-N",2008,0.235,0.035,0.27
"1437-N",2009,0.355,0.006,0.361
"1437-N",2010,0.2,0.014,0.214
"1437-N",2011,0.159,0.035,0.194
"1437-N",2012,0.257,0.009,0.266
"1437-N",2013,0.148,0.013,0.161
"1437-N",2014,0.038,0.01,0.048
"1437-N",2015,0.25,0.013,0.263
"1437-N",2016,0.028,0.024,0.052
"1437-N",2017,0.027,0.034,0.061
"1440-N",1853,0.363,0.749,1.112
"1440-N",1854,0.38,0.711,1.091
"1440-N",1855,0.325,0.821,1.146
"1440-N",1856,0.397,0.712,1.109
"1440-N",1857,0.361,0.766,1.127
"1440-N",1858,0.245,0.89,1.135
"1440-N",1859,0.274,0.702,0.976
"1440-N",1860,0.347,1.062,1.409
"1440-N",1861,0.537,0.502,1.039
"1440-N",1862,0.321,0.933,1.254
"1440-N",1863,0.373,0.532,0.905
"1440-N",1864,0.396,0.762,1.158
"1440-N",1865,0.379,0.38,0.759
"1440-N",1866,0.294,0.486,0.78
"1440-N",1867,0.279,0.373,0.652
"1440-N",1868,0.275,0.231,0.506
"1440-N",1869,0.329,0.538,0.867
"1440-N",1870,0.352,0.411,0.763
"1440-N",1871,0.379,0.033,0.412
"1440-N",1872,0.341,0.336,0.677
"1440-N",1873,0.284,0.094,0.378
"1440-N",1874,0.308,0.063,0.371
"1440-N",1875,0.333,0.22,0.553
"1440-N",1876,0.296,0.25,0.546
"1440-N",1877,0.241,0.291,0.532
"1440-N",1878,0.311,0.217,0.528
"1440-N",1879,0.27,0.547,0.817
"1440-N",1880,0.377,0.389,0.766
"1440-N",1881,0.278,0.463,0.741
"1440-N",1882,0.371,0.252,0.623
"1440-N",1883,0.419,0.29,0.709
"1440-N",1884,0.364,0.176,0.54
"1440-N",1885,0.425,0.231,0.656
"1440-N",1886,0.271,0.12,0.391
"1440-N",1887,0.368,0.12,0.488
"1440-N",1888,0.256,0.076,0.332
"1440-N",1889,0.46,0.375,0.835
"1440-N",1890,0.48,0.371,0.851
"1440-N",1891,0.399,0.171,0.57
"1440-N",1892,0.389,0.06,0.449
"1440-N",1893,0.111,0.033,0.144
"1440-N",1894,0.201,0.025,0.226
"1440-N",1895,0.245,0.023,0.268
"1440-N",1896,0.129,0.025,0.154
"1440-N",1897,0.157,0.023,0.18
"1440-N",1898,0.226,0.035,0.261
"1440-N",1899,0.362,0.212,0.574
"1440-N",1900,0.43,0.104,0.534
"1440-N",1901,0.311,0.292,0.603
"1440-N",1902,0.401,0.881,1.282
"1440-N",1903,0.528,0.908,1.436
"1440-N",1904,0.62,1.121,1.741
"1440-N",1905,0.675,1.255,1.93
"1440-N",1906,0.77,1.749,2.519
"1440-N",1907,0.871,1.13,2.001
"1440-N",1908,0.638,1.64,2.278
"1440-N",1909,0.787,0.979,1.766
"1440-N",1910,0.561,0.585,1.146
"1440-N",1911,0.624,0.534,1.158
"1440-N",1912,0.513,1.345,1.858
"1440-N",1913,0.718,1.289,2.007
"1440-N",1914,0.739,1.063,1.802
"1440-N",1915,0.465,1.583,2.048
"1440-N",1916,0.534,1.736,2.27
"1440-N",1917,0.619,1.236,1.855
"1440-N",1918,0.523,0.686,1.209
"1440-N",1919,0.496,0.526,1.022
"1440-N",1920,0.521,0.585,1.106
"1440-N",1921,0.605,0.759,1.364
"1440-N",1922,0.788,0.983,1.771
"1440-N",1923,0.457,1.007,1.464
"1440-N",1924,0.396,0.723,1.119
"1440-N",1925,0.514,0.7,1.214
"1440-N",1926,0.427,1.083,1.51
"1440-N",1927,0.705,1.348,2.053
"1440-N",1928,0.846,1.202,2.048
"1440-N",1929,0.521,0.811,1.332
"1440-N",1930,0.457,1.072,1.529
"1440-N",1931,0.564,1.011,1.575
"1440-N",1932,0.626,1.563,2.189
"1440-N",1933,0.693,1.106,1.799
"1440-N",1934,0.662,0.848,1.51
"1440-N",1935,0.77,1.005,1.775
"1440-N",1936,0.622,0.65,1.272
"1440-N",1937,0.583,1.006,1.589
"1440-N",1938,0.747,0.431,1.178
"1440-N",1939,0.544,0.117,0.661
"1440-N",1940,0.61,0.28,0.89
"1440-N",1941,0.7,0.484,1.184
"1440-N",1942,0.496,0.815,1.311
"1440-N",1943,0.589,0.471,1.06
"1440-N",1944,0.65,0.285,0.935
"1440-N",1945,0.499,0.756,1.255
"1440-N",1946,0.579,0.355,0.934
"1440-N",1947,0.611,0.498,1.109
"1440-N",1948,0.516,0.631,1.147
"1440-N",1949,0.77,0.357,1.127
"1440-N",1950,0.814,0.569,1.383
"1440-N",1951,0.735,1.12,1.855
"1440-N",1952,0.575,1.211,1.786
"1440-N",1953,0.912,0.851,1.763
"1440-N",1954,0.752,0.71,1.462
"1440-N",1955,0.679,0.843,1.522
"1440-N",1956,0.762,0.558,1.32
"1440-N",1957,0.791,0.536,1.327
"1440-N",1958,0.646,1.048,1.694
"1440-N",1959,0.716,0.811,1.527
"1440-N",1960,0.739,0.899,1.638
"1440-N",1961,0.722,0.685,1.407
"1440-N",1962,0.707,0.884,1.591
"1440-N",1963,0.839,1.01,1.849
"1440-N",1964,0.901,0.816,1.717
"1440-N",1965,0.812,1.33,2.142
"1440-N",1966,1.068,0.534,1.602
"1440-N",1967,0.871,0.887,1.758
"1440-N",1968,0.683,1.025,1.708
"1440-N",1969,0.72,1.445,2.165
"1440-N",1970,0.985,0.817,1.802
"1440-N",1971,0.906,0.447,1.353
"1440-N",1972,0.739,0.703,1.442
"1440-N",1973,0.835,0.565,1.4
"1440-N",1974,0.832,0.189,1.021
"1440-N",1975,0.87,0.59,1.46
"1440-N",1976,0.919,0.6,1.519
"1440-N",1977,0.657,0.379,1.036
"1440-N",1978,0.893,0.614,1.507
"1440-N",1979,0.886,0.867,1.753
"1440-N",1980,0.901,0.798,1.699
"1440-N",1981,0.866,0.184,1.05
"1440-N",1982,0.708,0.231,0.939
"1440-N",1983,0.795,0.701,1.496
"1440-N",1984,0.81,0.45,1.26
"1440-N",1985,0.764,0.706,1.47
"1440-N",1986,0.801,1.186,1.987
"1440-N",1987,1.006,0.665,1.671
"1440-N",1988,0.867,0.445,1.312
"1440-N",1989,0.704,0.531,1.235
"1440-N",1990,0.838,0.799,1.637
"1440-N",1991,0.567,0.722,1.289
"1440-N",1992,0.861,0.754,1.615
"1440-N",1993,0.85,1.159,2.009
"1440-N",1994,0.913,0.6,1.513
"1440-N",1995,0.635,0.535,1.17
"1440-N",1996,0.674,0.736,1.41
"1440-N",1997,0.949,0.712,1.661
"1440-N",1998,0.952,0.915,1.867
"1440-N",1999,1.179,0.737,1.916
"1440-N",2000,0.814,0.985,1.799
"1440-N",2001,0.985,0.684,1.669
"1440-N",2002,0.975,0.641,1.616
"1440-N",2003,0.809,0.929,1.738
"1440-N",2004,0.888,0.93,1.818
"1440-N",2005,0.967,0.45,1.417
"1440-N",2006,0.783,0.93,1.713
"1440-N",2007,0.917,0.471,1.388
"1440-N",2008,0.966,1.034,2
"1440-N",2009,0.819,0.728,1.547
"1440-N",2010,1,0.738,1.738
"1440-N",2011,1.446,2.634,4.08
"1440-N",2012,0.84,1.136,1.976
"1440-N",2013,0.91,1.962,2.872
"1440-N",2014,1.031,1.191,2.222
"1440-N",2015,0.827,0.969,1.796
"1440-N",2016,0.802,0.695,1.497
"1440-N",2017,0.975,0.06,1.035
"1491-E",1862,0.271,0.906,1.177
"1491-E",1863,0.332,0.043,0.375
"1491-E",1864,0.275,0.288,0.563
"1491-E",1865,0.236,0.345,0.581
"1491-E",1866,0.261,0.121,0.382
"1491-E",1867,0.266,0.355,0.621
"1491-E",1868,0.293,0.543,0.836
"1491-E",1869,0.416,0.525,0.941
"1491-E",1870,0.427,1.073,1.5
"1491-E",1871,0.567,1.13,1.697
"1491-E",1872,0.566,0.598,1.164
"1491-E",1873,0.536,0.546,1.082
"1491-E",1874,0.557,0.875,1.432
"1491-E",1875,0.476,2.107,2.583
"1491-E",1876,0.733,2.18,2.913
"1491-E",1877,0.707,1.55,2.257
"1491-E",1878,1.006,0.519,1.525
"1491-E",1879,0.606,2.305,2.911
"1491-E",1880,0.93,2.504,3.434
"1491-E",1881,0.807,1.167,1.974
"1491-E",1882,0.866,2.114,2.98
"1491-E",1883,1.212,2.551,3.763
"1491-E",1884,0.938,2.426,3.364
"1491-E",1885,0.938,2.562,3.5
"1491-E",1886,0.605,2.123,2.728
"1491-E",1887,1.003,1.286,2.289
"1491-E",1888,1.02,0.852,1.872
"1491-E",1889,0.81,2.569,3.379
"1491-E",1890,1.083,1.869,2.952
"1491-E",1891,0.888,2.353,3.241
"1491-E",1892,1.205,2.404,3.609
"1491-E",1893,0.981,1.164,2.145
"1491-E",1894,0.962,1.3,2.262
"1491-E",1895,0.996,1.169,2.165
"1491-E",1896,0.981,2.316,3.297
"1491-E",1897,0.925,2.631,3.556
"1491-E",1898,1.036,2.85,3.886
"1491-E",1899,0.906,2.8,3.706
"1491-E",1900,0.853,1.843,2.696
"1491-E",1901,0.78,1.479,2.259
"1491-E",1902,0.856,2.02,2.876
"1491-E",1903,1.032,1.819,2.851
"1491-E",1904,0.862,1.974,2.836
"1491-E",1905,0.832,2.579,3.411
"1491-E",1906,0.719,1.501,2.22
"1491-E",1907,1.011,1.067,2.078
"1491-E",1908,0.606,2.257,2.863
"1491-E",1909,0.856,1.559,2.415
"1491-E",1910,0.782,0.745,1.527
"1491-E",1911,0.816,0.678,1.494
"1491-E",1912,0.739,1.027,1.766
"1491-E",1913,0.731,1.16,1.891
"1491-E",1914,0.655,0.691,1.346
"1491-E",1915,0.679,0.944,1.623
"1491-E",1916,0.902,1.42,2.322
"1491-E",1917,0.608,1.273,1.881
"1491-E",1918,0.912,1,1.912
"1491-E",1919,0.683,0.858,1.541
"1491-E",1920,0.802,0.912,1.714
"1491-E",1921,0.877,0.811,1.688
"1491-E",1922,0.753,0.759,1.512
"1491-E",1923,0.635,0.598,1.233
"1491-E",1924,0.688,0.749,1.437
"1491-E",1925,0.751,0.533,1.284
"1491-E",1926,0.646,0.341,0.987
"1491-E",1927,0.592,0.71,1.302
"1491-E",1928,0.957,0.686,1.643
"1491-E",1929,0.832,0.878,1.71
"1491-E",1930,0.771,0.613,1.384
"1491-E",1931,0.535,0.777,1.312
"1491-E",1932,0.771,0.656,1.427
"1491-E",1933,0.842,0.92,1.762
"1491-E",1934,0.695,0.342,1.037
"1491-E",1935,0.823,1.218,2.041
"1491-E",1936,0.885,0.755,1.64
"1491-E",1937,0.678,0.94,1.618
"1491-E",1938,0.822,0.94,1.762
"1491-E",1939,0.804,0.616,1.42
"1491-E",1940,0.543,0.622,1.165
"1491-E",1941,0.499,0.745,1.244
"1491-E",1942,0.653,0.571,1.224
"1491-E",1943,0.683,0.597,1.28
"1491-E",1944,0.846,0.475,1.321
"1491-E",1945,0.488,0.735,1.223
"1491-E",1946,0.635,0.626,1.261
"1491-E",1947,0.69,0.832,1.522
"1491-E",1948,0.595,0.604,1.199
"1491-E",1949,0.681,0.368,1.049
"1491-E",1950,0.659,0.618,1.277
"1491-E",1951,0.682,1.134,1.816
"1491-E",1952,0.694,0.817,1.511
"1491-E",1953,0.817,0.6,1.417
"1491-E",1954,0.591,0.769,1.36
"1491-E",1955,0.572,0.893,1.465
"1491-E",1956,0.729,0.487,1.216
"1491-E",1957,0.632,0.553,1.185
"1491-E",1958,0.759,0.694,1.453
"1491-E",1959,0.767,0.753,1.52
"1491-E",1960,0.736,0.932,1.668
"1491-E",1961,0.789,0.944,1.733
"1491-E",1962,0.695,0.785,1.48
"1491-E",1963,0.809,0.796,1.605
"1491-E",1964,0.827,0.606,1.433
"1491-E",1965,0.574,0.787,1.361
"1491-E",1966,0.717,0.43,1.147
"1491-E",1967,0.575,0.686,1.261
"1491-E",1968,0.737,0.679,1.416
"1491-E",1969,0.819,0.62,1.439
"1491-E",1970,0.691,0.587,1.278
"1491-E",1971,0.867,0.506,1.373
"1491-E",1972,0.707,0.577,1.284
"1491-E",1973,0.622,0.519,1.141
"1491-E",1974,0.594,0.649,1.243
"1491-E",1975,0.647,0.746,1.393
"1491-E",1976,0.704,0.475,1.179
"1491-E",1977,0.596,0.291,0.887
"1491-E",1978,0.679,0.496,1.175
"1491-E",1979,0.584,0.457,1.041
"1491-E",1980,0.578,0.553,1.131
"1491-E",1981,0.461,0.308,0.769
"1491-E",1982,0.572,0.378,0.95
"1491-E",1983,0.723,0.463,1.186
"1491-E",1984,0.478,0.562,1.04
"1491-E",1985,0.75,0.592,1.342
"1491-E",1986,0.584,0.858,1.442
"1491-E",1987,0.739,0.515,1.254
"1491-E",1988,0.653,0.546,1.199
"1491-E",1989,0.536,0.578,1.114
"1491-E",1990,0.604,0.524,1.128
"1491-E",1991,0.571,0.53,1.101
"1491-E",1992,0.61,0.682,1.292
"1491-E",1993,0.795,0.666,1.461
"1491-E",1994,0.758,0.74,1.498
"1491-E",1995,0.682,0.611,1.293
"1491-E",1996,0.935,1.063,1.998
"1491-E",1997,0.78,0.821,1.601
"1491-E",1998,0.744,0.82,1.564
"1491-E",1999,0.632,1.145,1.777
"1491-E",2000,0.781,0.688,1.469
"1491-E",2001,0.612,0.646,1.258
"1491-E",2002,0.57,0.654,1.224
"1491-E",2003,0.727,0.503,1.23
"1491-E",2004,0.608,0.626,1.234
"1491-E",2005,0.747,0.26,1.007
"1491-E",2006,0.421,0.911,1.332
"1491-E",2007,0.776,0.55,1.326
"1491-E",2008,0.625,1.038,1.663
"1491-E",2009,0.908,1.613,2.521
"1491-E",2010,0.774,1.033,1.807
"1491-E",2011,0.786,1.023,1.809
"1491-E",2012,0.523,0.454,0.977
"1491-E",2013,0.603,0.475,1.078
"1491-E",2014,0.502,0.646,1.148
"1491-E",2015,0.717,0.548,1.265
"1491-E",2016,0.519,0.514,1.033
"1491-E",2017,0.66,0.054,0.714
"1442-W",1932,0.434,0.662,1.096
"1442-W",1933,0.61,0.463,1.073
"1442-W",1934,0.64,0.694,1.334
"1442-W",1935,0.957,1.103,2.06
"1442-W",1936,0.988,0.423,1.411
"1442-W",1937,0.935,1.407,2.342
"1442-W",1938,0.847,1.149,1.996
"1442-W",1939,0.608,1.783,2.391
"1442-W",1940,1.099,1.312,2.411
"1442-W",1941,0.623,1.703,2.326
"1442-W",1942,0.929,2.044,2.973
"1442-W",1943,0.92,1.738,2.658
"1442-W",1944,1.287,1.813,3.1
"1442-W",1945,1.007,1.598,2.605
"1442-W",1946,0.797,1.103,1.9
"1442-W",1947,1.013,1.636,2.649
"1442-W",1948,0.761,1.128,1.889
"1442-W",1949,0.74,1.372,2.112
"1442-W",1950,0.918,1.299,2.217
"1442-W",1951,1.122,1.144,2.266
"1442-W",1952,0.774,1.391,2.165
"1442-W",1953,0.823,1.15,1.973
"1442-W",1954,0.835,0.874,1.709
"1442-W",1955,0.726,1.228,1.954
"1442-W",1956,0.991,0.652,1.643
"1442-W",1957,0.855,1.298,2.153
"1442-W",1958,1.016,1.593,2.609
"1442-W",1959,0.949,1.736,2.685
"1442-W",1960,1.035,1.78,2.815
"1442-W",1961,1.138,2.357,3.495
"1442-W",1962,1.251,2.158,3.409
"1442-W",1963,0.934,2.248,3.182
"1442-W",1964,1.007,2.508,3.515
"1442-W",1965,1.461,2.131,3.592
"1442-W",1966,1.08,1.654,2.734
"1442-W",1967,0.975,1.354,2.329
"1442-W",1968,1.115,2.303,3.418
"1442-W",1969,1.2,2.595,3.795
"1442-W",1970,1.242,2.415,3.657
"1442-W",1971,1.099,0.674,1.773
"1442-W",1972,0.813,0.684,1.497
"1442-W",1973,1.038,0.709,1.747
"1442-W",1974,1.041,0.181,1.222
"1442-W",1975,0.849,0.462,1.311
"1442-W",1976,0.704,0.407,1.111
"1442-W",1977,0.784,0.454,1.238
"1442-W",1978,1.201,0.697,1.898
"1442-W",1979,1.314,0.284,1.598
"1442-W",1980,0.979,1.29,2.269
"1442-W",1981,0.829,0.673,1.502
"1442-W",1982,0.871,0.793,1.664
"1442-W",1983,0.881,1.04,1.921
"1442-W",1984,1.081,0.875,1.956
"1442-W",1985,1.009,0.718,1.727
"1442-W",1986,1.111,1.262,2.373
"1442-W",1987,1.205,1.079,2.284
"1442-W",1988,1.023,0.757,1.78
"1442-W",1989,1.038,0.836,1.874
"1442-W",1990,0.938,1.094,2.032
"1442-W",1991,1.191,0.854,2.045
"1442-W",1992,0.91,0.745,1.655
"1442-W",1993,1.103,1.167,2.27
"1442-W",1994,0.963,1.225,2.188
"1442-W",1995,1.363,0.858,2.221
"1442-W",1996,1.011,0.69,1.701
"1442-W",1997,0.98,1.061,2.041
"1442-W",1998,1.489,1.932,3.421
"1442-W",1999,1.135,1.219,2.354
"1442-W",2000,0.958,0.639,1.597
"1442-W",2001,0.841,0.395,1.236
"1442-W",2002,0.765,0.559,1.324
"1442-W",2003,0.835,0.749,1.584
"1442-W",2004,0.947,2.304,3.251
"1442-W",2005,1.164,1.19,2.354
"1442-W",2006,1.362,1.102,2.464
"1442-W",2007,1.151,0.489,1.64
"1442-W",2008,1.119,0.819,1.938
"1442-W",2009,1.037,0.797,1.834
"1442-W",2010,1.142,0.711,1.853
"1442-W",2011,0.653,0.723,1.376
"1442-W",2012,0.962,0.257,1.219
"1442-W",2013,0.962,0.973,1.935
"1442-W",2014,0.919,0.778,1.697
"1442-W",2015,0.985,0.569,1.554
"1442-W",2016,0.83,0.412,1.242
"1442-W",2017,0.953,0.015,0.968
"1444-N",1930,1.401,4.329,5.73
"1444-N",1931,1.272,3.236,4.508
"1444-N",1932,1.194,2.967,4.161
"1444-N",1933,1.378,2.552,3.93
"1444-N",1934,1.048,1.141,2.189
"1444-N",1935,0.991,2.735,3.726
"1444-N",1936,0.795,1.39,2.185
"1444-N",1937,0.648,2.488,3.136
"1444-N",1938,1.355,2.627,3.982
"1444-N",1939,0.941,1.497,2.438
"1444-N",1940,1.676,1.073,2.749
"1444-N",1941,0.886,1.741,2.627
"1444-N",1942,0.904,1.418,2.322
"1444-N",1943,1.44,1.281,2.721
"1444-N",1944,1.115,1.464,2.579
"1444-N",1945,1.521,1.389,2.91
"1444-N",1946,0.871,0.862,1.733
"1444-N",1947,0.952,1.169,2.121
"1444-N",1948,1.109,1.014,2.123
"1444-N",1949,0.767,1.207,1.974
"1444-N",1950,1.132,1.107,2.239
"1444-N",1951,1.117,1.318,2.435
"1444-N",1952,0.766,1.094,1.86
"1444-N",1953,1.125,0.881,2.006
"1444-N",1954,1.009,1.081,2.09
"1444-N",1955,0.965,1.268,2.233
"1444-N",1956,0.909,0.774,1.683
"1444-N",1957,0.902,1.232,2.134
"1444-N",1958,0.802,1.46,2.262
"1444-N",1959,0.677,1.447,2.124
"1444-N",1960,1.126,0.97,2.096
"1444-N",1961,1.096,1.466,2.562
"1444-N",1962,1.111,1.228,2.339
"1444-N",1963,1.106,1.403,2.509
"1444-N",1964,1.012,1.346,2.358
"1444-N",1965,1.123,1.234,2.357
"1444-N",1966,1.314,0.194,1.508
"1444-N",1967,0.922,0.584,1.506
"1444-N",1968,0.806,0.412,1.218
"1444-N",1969,0.909,0.42,1.329
"1444-N",1970,1.018,0.265,1.283
"1444-N",1971,0.808,0.244,1.052
"1444-N",1972,0.52,0.518,1.038
"1444-N",1973,0.885,0.166,1.051
"1444-N",1974,0.79,0.048,0.838
"1444-N",1975,0.91,0.089,0.998
"1444-N",1976,0.738,0.072,0.81
"1444-N",1977,0.727,0.113,0.84
"1444-N",1978,0.728,0.221,0.949
"1444-N",1979,0.809,0.201,1.01
"1444-N",1980,0.65,0.451,1.101
"1444-N",1981,0.8,0.357,1.157
"1444-N",1982,0.67,0.237,0.907
"1444-N",1983,0.702,0.464,1.166
"1444-N",1984,0.839,0.321,1.16
"1444-N",1985,1.08,0.129,1.209
"1444-N",1986,1.038,0.602,1.64
"1444-N",1987,0.82,0.507,1.327
"1444-N",1988,0.712,0.46,1.172
"1444-N",1989,0.752,0.466,1.218
"1444-N",1990,0.982,0.463,1.445
"1444-N",1991,1.054,0.233,1.287
"1444-N",1992,0.892,0.132,1.024
"1444-N",1993,1.005,0.466,1.471
"1444-N",1994,0.918,0.462,1.38
"1444-N",1995,0.845,0.344,1.189
"1444-N",1996,0.887,0.167,1.054
"1444-N",1997,0.834,0.22,1.054
"1444-N",1998,0.647,0.386,1.033
"1444-N",1999,1.001,0.051,1.052
"1444-N",2000,0.938,0.247,1.185
"1444-N",2001,0.652,0.131,0.783
"1444-N",2002,0.776,0.149,0.925
"1444-N",2003,0.64,0.304,0.944
"1444-N",2004,0.718,0.264,0.982
"1444-N",2005,0.764,0.144,0.908
"1444-N",2006,0.713,0.17,0.883
"1444-N",2007,0.735,0.048,0.783
"1444-N",2008,0.576,0.378,0.954
"1444-N",2009,0.864,0.117,0.981
"1444-N",2010,0.701,0.277,0.978
"1444-N",2011,0.783,0.181,0.964
"1444-N",2012,0.739,0.142,0.881
"1444-N",2013,0.817,0.464,1.281
"1444-N",2014,0.813,0.365,1.178
"1444-N",2015,0.694,0.342,1.036
"1444-N",2016,0.743,0.249,0.992
"1444-N",2017,0.822,0.029,0.851
"1470-N",1927,0.966,2.54,3.506
"1470-N",1928,1.112,2.851,3.963
"1470-N",1929,0.932,2.738,3.67
"1470-N",1930,0.611,1.785,2.396
"1470-N",1931,0.701,1.779,2.48
"1470-N",1932,0.664,2.34,3.004
"1470-N",1933,0.68,2.453,3.133
"1470-N",1934,0.465,2.147,2.612
"1470-N",1935,0.712,3.719,4.431
"1470-N",1936,0.879,1.384,2.263
"1470-N",1937,0.726,2.481,3.207
"1470-N",1938,0.914,2.824,3.738
"1470-N",1939,0.826,1.761,2.587
"1470-N",1940,0.988,1.009,1.997
"1470-N",1941,1.023,2.509,3.532
"1470-N",1942,0.979,2.428,3.407
"1470-N",1943,0.835,2.339,3.174
"1470-N",1944,1.087,1.858,2.945
"1470-N",1945,1.092,2.228,3.32
"1470-N",1946,1.075,1.446,2.521
"1470-N",1947,1.095,1.57,2.665
"1470-N",1948,1,1.612,2.612
"1470-N",1949,0.998,1.031,2.029
"1470-N",1950,1.15,1.022,2.172
"1470-N",1951,1.227,1.401,2.628
"1470-N",1952,1.087,1.524,2.611
"1470-N",1953,1.098,1.982,3.08
"1470-N",1954,0.897,2.027,2.924
"1470-N",1955,1.194,2.332,3.526
"1470-N",1956,0.949,0.894,1.843
"1470-N",1957,0.834,1.184,2.018
"1470-N",1958,0.977,1.712,2.689
"1470-N",1959,1.209,1.996,3.205
"1470-N",1960,1.176,1.87,3.046
"1470-N",1961,0.973,1.856,2.829
"1470-N",1962,1.051,1.386,2.437
"1470-N",1963,1.218,2.04,3.258
"1470-N",1964,1.278,1.453,2.731
"1470-N",1965,1.072,1.479,2.551
"1470-N",1966,1.192,0.749,1.941
"1470-N",1967,0.784,1.584,2.368
"1470-N",1968,0.864,1.888,2.752
"1470-N",1969,0.975,1.921,2.896
"1470-N",1970,1.127,1.693,2.82
"1470-N",1971,1.025,1.126,2.151
"1470-N",1972,0.937,1.093,2.03
"1470-N",1973,1.049,0.66,1.709
"1470-N",1974,0.926,0.141,1.067
"1470-N",1975,0.963,0.977,1.94
"1470-N",1976,0.991,0.442,1.433
"1470-N",1977,0.711,0.794,1.505
"1470-N",1978,0.922,1.171,2.093
"1470-N",1979,1.116,0.531,1.647
"1470-N",1980,1.136,1.38,2.516
"1470-N",1981,1.211,0.859,2.07
"1470-N",1982,1.1,0.705,1.805
"1470-N",1983,1.174,1.496,2.67
"1470-N",1984,1.131,0.742,1.873
"1470-N",1985,0.877,1.18,2.057
"1470-N",1986,1.235,1.917,3.152
"1470-N",1987,1.295,1.131,2.426
"1470-N",1988,1.294,0.682,1.976
"1470-N",1989,0.952,1.382,2.334
"1470-N",1990,1.149,0.718,1.867
"1470-N",1991,1.055,1.046,2.101
"1470-N",1992,1.089,0.746,1.835
"1470-N",1993,1.147,1.255,2.402
"1470-N",1994,1.284,1.05,2.334
"1470-N",1995,1.368,0.93,2.298
"1470-N",1996,0.86,1.059,1.919
"1470-N",1997,1.2,1.129,2.329
"1470-N",1998,0.896,1.34,2.236
"1470-N",1999,1.234,0.514,1.748
"1470-N",2000,1.028,0.754,1.782
"1470-N",2001,1.017,0.406,1.423
"1470-N",2002,1.032,1.172,2.204
"1470-N",2003,0.711,1.612,2.323
"1470-N",2004,0.843,1.331,2.174
"1470-N",2005,1.05,0.681,1.731
"1470-N",2006,1.022,0.942,1.964
"1470-N",2007,1.024,0.51,1.534
"1470-N",2008,1.105,0.666,1.771
"1470-N",2009,1.005,0.862,1.867
"1470-N",2010,1.213,0.858,2.071
"1470-N",2011,1.205,0.983,2.188
"1470-N",2012,1.04,0.442,1.482
"1470-N",2013,1.268,1.15,2.418
"1470-N",2014,1.002,1.674,2.676
"1470-N",2015,1.181,1.243,2.424
"1470-N",2016,1.007,1.76,2.767
"1470-N",2017,1.513,0.024,1.537
"1485-W",1961,0.324,1.52,1.844
"1485-W",1962,0.302,1.222,1.524
"1485-W",1963,0.349,0.58,0.929
"1485-W",1964,0.255,0.522,0.777
"1485-W",1965,0.2,0.636,0.836
"1485-W",1966,0.222,0.506,0.728
"1485-W",1967,0.236,0.688,0.924
"1485-W",1968,0.231,0.562,0.793
"1485-W",1969,0.207,0.841,1.048
"1485-W",1970,0.126,0.403,0.529
"1485-W",1971,0.23,0.362,0.592
"1485-W",1972,0.354,0.446,0.8
"1485-W",1973,0.214,0.405,0.619
"1485-W",1974,0.207,0.162,0.369
"1485-W",1975,0.186,0.488,0.674
"1485-W",1976,0.197,0.467,0.664
"1485-W",1977,0.267,0.585,0.852
"1485-W",1978,0.354,0.508,0.862
"1485-W",1979,0.266,0.473,0.739
"1485-W",1980,0.232,0.451,0.683
"1485-W",1981,0.257,0.393,0.65
"1485-W",1982,0.225,0.592,0.817
"1485-W",1983,0.221,0.612,0.833
"1485-W",1984,0.309,0.331,0.64
"1485-W",1985,0.244,0.215,0.459
"1485-W",1986,0.354,0.296,0.65
"1485-W",1987,0.415,0.21,0.625
"1485-W",1988,0.34,0.111,0.451
"1485-W",1989,0.34,0.26,0.6
"1485-W",1990,0.335,0.404,0.739
"1485-W",1991,0.514,0.183,0.697
"1485-W",1992,0.421,0.128,0.549
"1485-W",1993,0.392,0.556,0.948
"1485-W",1994,0.31,0.143,0.453
"1485-W",1995,0.289,0.336,0.625
"1485-W",1996,0.287,0.413,0.7
"1485-W",1997,0.429,0.954,1.383
"1485-W",1998,0.453,1.653,2.106
"1485-W",1999,0.648,1.131,1.779
"1485-W",2000,0.614,1.229,1.843
"1485-W",2001,0.594,0.719,1.313
"1485-W",2002,0.575,0.474,1.049
"1485-W",2003,0.354,0.677,1.031
"1485-W",2004,0.474,0.752,1.226
"1485-W",2005,0.619,0.233,0.852
"1485-W",2006,0.674,0.089,0.763
"1485-W",2007,0.285,0.11,0.395
"1485-W",2008,0.291,0.256,0.547
"1485-W",2009,0.36,0.183,0.543
"1485-W",2010,0.261,0.032,0.293
"1485-W",2011,0.243,0.12,0.363
"1485-W",2012,0.27,0.043,0.313
"1485-W",2013,0.265,0.304,0.569
"1485-W",2014,0.37,0.269,0.639
"1485-W",2015,0.336,0.285,0.621
"1485-W",2016,0.406,0.097,0.503
"1485-W",2017,0.3,0.046,0.346
